timestamp	scope	decision	evidence	outcome
2026-08-25T10:48:19-05:00	baseline	Treat the hidden Kick send renderer as the primary startup retention bottleneck	Diagnostics and process logs reached 1804 MB across 10 processes while Home mounted read-only Kick chat; the hidden kick.com target and two IVS workers remained alive	Root-cause fix required before broader tuning
2026-08-25T11:05:00-05:00	home-carousel	Reject changing desktop featured-stream rotation	FeaturedStage already disables timed rotation at the measured 1400 px wide layout; changing narrow-layout timing would alter a user-facing setting without explaining the measured wide-layout spike	Preserve carousel behavior
2026-08-25T11:20:00-05:00	design	Replace Pusher-derived global activity with sender-scoped visible-composer leases	Two independent designs plus cross-model judge scored the sender-scoped design 6/7 versus 4/7; it uniquely covers crash/reload cleanup and mutation reaper safety	Implementation selected
2026-08-25T11:21:00-05:00	types	Ban explicit any in the performance changes	rg found no explicit any in the touched production paths; matches were prose and Vitest expect.any matchers	Enforce with diff audit and typecheck
2026-08-25T11:55:00-05:00	retention	Implement sender-scoped composer leases rather than Pusher-derived global activity	Focused regression suites moved from 5 expected failures to 164 passing tests; reload, crash, and final-owner cleanup are covered	Read-only Home chat cannot pin the hidden send renderer
2026-08-25T12:02:00-05:00	rate-limit	Stop Kick legacy fallback work during an active provider cooldown	Three regression tests failed before the classifier change; 180 focused tests passed after it	Real Kick quotas remain authoritative without fallback amplification
2026-08-25T12:07:00-05:00	startup-gate	Run typecheck and lint before every interactive app start	Fresh npm start visibly completed tsc and eslint before presenting the Electron picker	Interactive starts catch static errors before runtime
2026-08-25T12:18:00-05:00	electron-proof	Stress the read-only Kick Home path with five helper create/use/reap cycles	Target counts returned 5→1, 5→1, 2→1, 2→1, and 5→1; video readyState 4, live chat connected, renderer heap 70.1 MB	No hidden helper or worker accumulation
2026-08-25T12:38:00-05:00	quality	Run the complete root validation pipeline	Typecheck pass; lint and lockfile policy pass; 7104 desktop plus 15 worker tests pass; production build pass	Final source and build are green
2026-08-25T12:55:00-05:00	diagnostics-transport	Keep one-second native sampling but bound renderer history and publish every five seconds	Before fix renderer rose 242.9→349.2 MB in about four minutes; after fix it stayed 225.1→241.5 MB and total ended 900.5 MB at 0.2% CPU; 7106 desktop tests passed	Resources no longer clones an ever-growing raw history every second
