ts	phase	decision	why	evidence	result
2026-08-23T17:06:35Z	frame	Defined done as fixing or disproving every confirmed audit finding and passing static, test, build, React, and Electron checks	The request covers the whole failure path and needs observed app proof	docs/brainstorms/2026-08-23-resilience-failure-ux-research.md	IN PROGRESS
2026-08-23T17:06:35Z	frame	Kept the existing dirty worktree intact and will layer narrow changes without reset or broad formatting	Relevant source and test files already contain user-owned uncommitted work	git status --short	open constraint
2026-08-23T17:06:35Z	design	Use the existing trusted IPC handler and existing cancellation patterns as the migration base	The repository already has the right boundary shape and a competing framework would add risk	apps/desktop/src/backend/ipc/register-trusted-ipc-handler.ts	selected
2026-08-23T17:15:00Z	baseline	Ran desktop typecheck and lint through their installed binaries	The checkout lacks package bin shims, so the package scripts cannot resolve tsc, eslint, or vitest	apps/desktop/node_modules	VERIFIED, typecheck and lint green
2026-08-23T17:15:00Z	baseline	Captured four pre-existing failures in the full desktop test suite	The final gate must distinguish existing dirty-tree regressions from changes made in this run	apps/desktop/tests/backend/ipc/lazy-feature-loader.test.ts, apps/desktop/tests/backend/ipc/handlers/system-handlers.test.ts, apps/desktop/tests/backend/ipc/handlers/storage-handlers.account-write-origin.test.ts	4 failed and 6965 passed
2026-08-23T17:15:00Z	baseline	Observed the running Electron app render authenticated Settings and Following state	The final proof needs a real-app before and after comparison	artifacts/reliability-baseline-electron.png	VERIFIED
2026-08-23T17:42:00Z	phase-a	Traced renderer-to-preload-to-IPC-to-provider flows, crash/startup recovery, and false-empty states	Existing patterns should be extended rather than replaced	Two architecture explorers and a synthesis pass over concrete functions	VERIFIED
2026-08-23T17:42:00Z	constraints	Selected one retry owner at the dependency adapter, absolute operation deadlines, end-to-end cancellation, authoritative-empty semantics, bounded crash recovery, and startup recovery independent of durable stores	These constraints directly prevent retry multiplication, false-empty UX, startup bricking, and crash loops	QueryClient, TwitchRequestor, KickClient, crash hooks, database init, category and sidebar traces	selected for design arena
2026-08-23T18:05:00Z	implementation	Disabled React Query retries and moved automatic retries to bounded provider adapters	Nested retries multiplied wait time and made cancellation dishonest	query-provider.tsx, useChannels.ts, bounded-json-read.ts, TwitchRequestor, KickClient	VERIFIED by focused tests and typecheck
2026-08-23T18:05:00Z	implementation	Separated authoritative empty results from failed and partial provider reads	An outage previously looked like a user with no follows or categories	SidebarFollows.tsx, useCategories.ts, Categories/index.tsx, category-handlers.ts	VERIFIED by loading/error/empty/partial tests
2026-08-23T18:05:00Z	implementation	Added runtime schemas for third-party emote responses and bounded all three provider reads	Malformed or oversized provider data could reach transforms and requests had no shared deadline	third-party-emote-schemas.ts, bounded-json-read.ts, 7tv/bttv/ffz services	VERIFIED, 27 focused tests passed
2026-08-23T18:05:00Z	implementation	Added app, route, and regional React recovery boundaries plus bounded Electron renderer crash recovery	A component or renderer crash could leave a permanently blank window or reload loop	RecoveryBoundary.tsx, App.tsx, router.tsx, AppLayout.tsx, renderer-crash-recovery.ts	VERIFIED by focused component and main-process tests
2026-08-23T18:05:00Z	implementation	Made SQLite startup integrity-checked, backed up, and transactionally migrated; added a store-independent recovery window	A corrupt store or half-applied schema migration could make every launch disappear	DatabaseService.initialize, startup-recovery-window.ts, main.ts	VERIFIED by database suite, startup recovery test, typecheck
2026-08-23T18:05:00Z	implementation	Put every legacy IPC registration behind exact-renderer, payload-budget, and safe-error gates while preserving nine fully typed routes	webSecurity false makes any unguarded renderer-to-main route a privilege boundary failure	trusted-ipc-main.ts, trusted-ipc-registry.ts, check-reliability-boundaries.mjs	VERIFIED: 0 raw routes, 9 typed routes, 184 guarded legacy routes; 550 IPC tests passed after compatibility fixes
2026-08-23T19:07:00Z	electron-proof	Raised the legacy IPC node budget while retaining hard string/binary/depth caps	Fresh Electron navigation to the 5,000-category view proved the initial 10,000-node budget rejected a legitimate persisted browse snapshot	fresh launcher output showed store:set rejected; trusted-ipc-main large-snapshot regression test	FIXED and focused test passed
2026-08-23T19:07:00Z	review	Corrected the architecture record to distinguish target state from implemented migration state	The first draft overstated full Zod-route migration and a boot coordinator/recovery journal	cross-model decision-trail review	CORRECTED
2026-08-23T19:31:00Z	blast-radius	Closed five late reliability gaps found by independent cross-file review	Non-JSON 5xx responses skipped retries, streamed bodies could buffer without a real cap, Map/Set IPC contents escaped budgeting, backup-copy failure blocked startup, and macOS activation could bypass failed startup	bounded-response-body.ts, TwitchRequestor, KickClient, trusted-ipc-main.ts, DatabaseService, main.ts, use-app-shutdown.ts	FIXED with regressions
2026-08-23T19:31:00Z	verification	Ran the complete desktop static and automated gate after all source changes	Completion requires evidence from the final source state, not an earlier intermediate build	typecheck, full ESLint, reliability boundary scan, Vitest, electron-vite build	580 files and 6985 tests passed; 0 raw IPC handlers; build succeeded
2026-08-23T19:31:00Z	electron-proof	Drove a fresh normal Electron launch through Home, Categories, Following, and Settings	A passing unit suite does not prove the packaged process boundaries or real persisted data paths	artifacts/reliability-final-categories.png, artifacts/reliability-final-following.png, artifacts/reliability-final-settings.png	VERIFIED: 5000 categories, 18 live follows, populated settings, no IPC rejection or crash output
2026-08-23T19:31:00Z	tooling	React Doctor was unavailable because its uninstalled npx package was blocked by the repository supply-chain hook	Do not bypass dependency-security controls for an optional audit	PreToolUse hook result	BLOCKED; replaced by full local lint, typecheck, tests, build, and Electron proof
